"record_id","area","rainfall_mm","rainfall_duration_hours","rainfall_6h_mm","rainfall_12h_mm","rainfall_intensity_mm_per_hour","rainfall_change_mm","risk_level","data_note"
"1","South B","6.41","3.48","17.32","26.3","1.84","5.91","ADVISORY","SYNTHETIC_SAMPLE_DEMO_NOT_OBSERVED_WEATHER"
"2","South B","7.47","3.99","21.18","32.25","1.87","1.06","WARNING","SYNTHETIC_SAMPLE_DEMO_NOT_OBSERVED_WEATHER"
"3","South B","5.5","3.04","16.85","25.75","1.81","-1.98","ADVISORY","SYNTHETIC_SAMPLE_DEMO_NOT_OBSERVED_WEATHER"
"4","South B","5.92","3.24","18.98","27.26","1.83","0.42","ADVISORY","SYNTHETIC_SAMPLE_DEMO_NOT_OBSERVED_WEATHER"
"5","South B","5.84","3.21","15.78","24.56","1.82","-0.07","ADVISORY","SYNTHETIC_SAMPLE_DEMO_NOT_OBSERVED_WEATHER"
"6","South B","5.3","2.94","15.3","23.91","1.8","-0.55","ADVISORY","SYNTHETIC_SAMPLE_DEMO_NOT_OBSERVED_WEATHER"
"7","South B","4.39","2.51","13.84","19.98","1.75","-0.91","ADVISORY","SYNTHETIC_SAMPLE_DEMO_NOT_OBSERVED_WEATHER"
"8","South B","3.31","1.99","11.93","17.15","1.66","-1.08","ADVISORY","SYNTHETIC_SAMPLE_DEMO_NOT_OBSERVED_WEATHER"
"9","South B","2.28","1.49","6.15","10.54","1.53","-1.03","WATCH","SYNTHETIC_SAMPLE_DEMO_NOT_OBSERVED_WEATHER"
"10","South B","1.51","1.12","5.07","7.18","1.34","-0.77","WATCH","SYNTHETIC_SAMPLE_DEMO_NOT_OBSERVED_WEATHER"
"11","South B","1.14","0.95","5.09","7.29","1.21","-0.36","WATCH","SYNTHETIC_SAMPLE_DEMO_NOT_OBSERVED_WEATHER"
"12","South B","1.24","1","6.36","9.3","1.25","0.1","WATCH","SYNTHETIC_SAMPLE_DEMO_NOT_OBSERVED_WEATHER"
"13","South B","1.76","1.24","4.75","7.21","1.41","0.52","WATCH","SYNTHETIC_SAMPLE_DEMO_NOT_OBSERVED_WEATHER"
"14","South B","2.55","1.62","7.89","12.06","1.57","0.79","WATCH","SYNTHETIC_SAMPLE_DEMO_NOT_OBSERVED_WEATHER"
"15","South B","3.42","2.04","11.23","17.21","1.67","0.87","ADVISORY","SYNTHETIC_SAMPLE_DEMO_NOT_OBSERVED_WEATHER"
"16","South B","4.14","2.39","14.18","19.98","1.73","0.72","ADVISORY","SYNTHETIC_SAMPLE_DEMO_NOT_OBSERVED_WEATHER"
"17","South B","4.53","2.57","12.23","19.17","1.76","0.39","ADVISORY","SYNTHETIC_SAMPLE_DEMO_NOT_OBSERVED_WEATHER"
"18","South B","7.27","3.89","20.63","32.01","1.87","2.74","WARNING","SYNTHETIC_SAMPLE_DEMO_NOT_OBSERVED_WEATHER"
"19","South B","6.74","3.64","20.2","29.64","1.85","-0.53","WARNING","SYNTHETIC_SAMPLE_DEMO_NOT_OBSERVED_WEATHER"
"20","South B","3.03","1.85","11.17","16","1.63","-3.72","WATCH","SYNTHETIC_SAMPLE_DEMO_NOT_OBSERVED_WEATHER"
"21","South B","1.89","1.31","5.11","8.96","1.45","-1.13","WATCH","SYNTHETIC_SAMPLE_DEMO_NOT_OBSERVED_WEATHER"
"22","South B","0.76","0.76","3.05","4.11","0.99","-1.13","WATCH","SYNTHETIC_SAMPLE_DEMO_NOT_OBSERVED_WEATHER"
"23","South B","0","0.4","2","2.6","0","-0.76","WATCH","SYNTHETIC_SAMPLE_DEMO_NOT_OBSERVED_WEATHER"
"24","South B","0","0.4","3","4.2","0","0","WATCH","SYNTHETIC_SAMPLE_DEMO_NOT_OBSERVED_WEATHER"
"25","South B","0","0.4","0","0","0","0","WATCH","SYNTHETIC_SAMPLE_DEMO_NOT_OBSERVED_WEATHER"
"26","South B","0","0.4","1","1.6","0","0","WATCH","SYNTHETIC_SAMPLE_DEMO_NOT_OBSERVED_WEATHER"
"27","South B","0.54","0.66","3.45","5.4","0.82","0.54","WATCH","SYNTHETIC_SAMPLE_DEMO_NOT_OBSERVED_WEATHER"
"28","South B","1.53","1.13","7.13","9.26","1.35","0.99","WATCH","SYNTHETIC_SAMPLE_DEMO_NOT_OBSERVED_WEATHER"
"29","South B","2.48","1.59","6.7","10.77","1.56","0.95","WATCH","SYNTHETIC_SAMPLE_DEMO_NOT_OBSERVED_WEATHER"
"30","South B","3.19","1.93","9.61","15.27","1.65","0.71","WATCH","SYNTHETIC_SAMPLE_DEMO_NOT_OBSERVED_WEATHER"
"31","South B","3.5","2.08","11.45","16.35","1.68","0.31","ADVISORY","SYNTHETIC_SAMPLE_DEMO_NOT_OBSERVED_WEATHER"
"32","South B","3.35","2.01","12.06","17.35","1.67","-0.15","ADVISORY","SYNTHETIC_SAMPLE_DEMO_NOT_OBSERVED_WEATHER"
"33","South B","2.8","1.74","7.55","12.66","1.6","-0.56","WATCH","SYNTHETIC_SAMPLE_DEMO_NOT_OBSERVED_WEATHER"
"34","South B","1.96","1.34","6.29","9.03","1.46","-0.84","WATCH","SYNTHETIC_SAMPLE_DEMO_NOT_OBSERVED_WEATHER"
"35","South B","3.84","2.25","12.38","18.36","1.71","1.89","ADVISORY","SYNTHETIC_SAMPLE_DEMO_NOT_OBSERVED_WEATHER"
"36","South B","3.07","1.88","11.3","16.8","1.64","-0.77","ADVISORY","SYNTHETIC_SAMPLE_DEMO_NOT_OBSERVED_WEATHER"
"37","South B","0","0.4","0","0","0","-3.07","WATCH","SYNTHETIC_SAMPLE_DEMO_NOT_OBSERVED_WEATHER"
"38","South B","0","0.4","1","1.6","0","0","WATCH","SYNTHETIC_SAMPLE_DEMO_NOT_OBSERVED_WEATHER"
"39","South B","0.36","0.57","2.97","4.68","0.63","0.36","WATCH","SYNTHETIC_SAMPLE_DEMO_NOT_OBSERVED_WEATHER"
"40","South B","1.27","1.01","6.42","8.19","1.26","0.91","WATCH","SYNTHETIC_SAMPLE_DEMO_NOT_OBSERVED_WEATHER"
"41","South B","2.41","1.56","6.51","10.49","1.55","1.15","WATCH","SYNTHETIC_SAMPLE_DEMO_NOT_OBSERVED_WEATHER"
"42","South B","3.58","2.12","10.67","16.88","1.69","1.17","WATCH","SYNTHETIC_SAMPLE_DEMO_NOT_OBSERVED_WEATHER"
"43","South B","4.55","2.58","14.29","20.66","1.76","0.97","ADVISORY","SYNTHETIC_SAMPLE_DEMO_NOT_OBSERVED_WEATHER"
"44","South B","5.15","2.87","16.89","24.7","1.79","0.59","ADVISORY","SYNTHETIC_SAMPLE_DEMO_NOT_OBSERVED_WEATHER"
"45","South B","5.27","2.93","14.22","22.79","1.8","0.12","ADVISORY","SYNTHETIC_SAMPLE_DEMO_NOT_OBSERVED_WEATHER"
"46","South B","4.91","2.76","14.27","21.14","1.78","-0.35","ADVISORY","SYNTHETIC_SAMPLE_DEMO_NOT_OBSERVED_WEATHER"
"47","South B","4.19","2.41","13.32","19.79","1.74","-0.72","ADVISORY","SYNTHETIC_SAMPLE_DEMO_NOT_OBSERVED_WEATHER"
"48","South B","3.28","1.98","11.86","17.66","1.66","-0.91","ADVISORY","SYNTHETIC_SAMPLE_DEMO_NOT_OBSERVED_WEATHER"
"49","Nairobi West","5.13","2.86","13.85","21.04","1.79","4.73","ADVISORY","SYNTHETIC_SAMPLE_DEMO_NOT_OBSERVED_WEATHER"
"50","Nairobi West","5.98","3.27","16.94","25.92","1.83","0.85","ADVISORY","SYNTHETIC_SAMPLE_DEMO_NOT_OBSERVED_WEATHER"
"51","Nairobi West","4.4","2.51","13.48","20.84","1.75","-1.58","ADVISORY","SYNTHETIC_SAMPLE_DEMO_NOT_OBSERVED_WEATHER"
"52","Nairobi West","4.73","2.67","15.18","21.81","1.77","0.33","ADVISORY","SYNTHETIC_SAMPLE_DEMO_NOT_OBSERVED_WEATHER"
"53","Nairobi West","4.68","2.64","12.62","19.77","1.77","-0.06","ADVISORY","SYNTHETIC_SAMPLE_DEMO_NOT_OBSERVED_WEATHER"
"54","Nairobi West","4.24","2.43","12.24","19.37","1.74","-0.44","ADVISORY","SYNTHETIC_SAMPLE_DEMO_NOT_OBSERVED_WEATHER"
"55","Nairobi West","3.51","2.08","11.07","15.99","1.68","-0.73","WATCH","SYNTHETIC_SAMPLE_DEMO_NOT_OBSERVED_WEATHER"
"56","Nairobi West","2.64","1.67","9.54","13.84","1.58","-0.86","WATCH","SYNTHETIC_SAMPLE_DEMO_NOT_OBSERVED_WEATHER"
"57","Nairobi West","1.82","1.27","4.92","8.67","1.43","-0.82","WATCH","SYNTHETIC_SAMPLE_DEMO_NOT_OBSERVED_WEATHER"
"58","Nairobi West","1.21","0.98","4.06","5.75","1.23","-0.62","WATCH","SYNTHETIC_SAMPLE_DEMO_NOT_OBSERVED_WEATHER"
"59","Nairobi West","0.92","0.84","4.07","5.95","1.09","-0.29","WATCH","SYNTHETIC_SAMPLE_DEMO_NOT_OBSERVED_WEATHER"
"60","Nairobi West","1","0.88","5.09","7.68","1.13","0.08","WATCH","SYNTHETIC_SAMPLE_DEMO_NOT_OBSERVED_WEATHER"
"61","Nairobi West","1.41","1.08","3.8","5.77","1.31","0.41","WATCH","SYNTHETIC_SAMPLE_DEMO_NOT_OBSERVED_WEATHER"
"62","Nairobi West","2.04","1.38","6.31","9.77","1.48","0.63","WATCH","SYNTHETIC_SAMPLE_DEMO_NOT_OBSERVED_WEATHER"
"63","Nairobi West","2.73","1.71","8.98","14.01","1.6","0.69","WATCH","SYNTHETIC_SAMPLE_DEMO_NOT_OBSERVED_WEATHER"
"64","Nairobi West","3.31","1.99","11.34","15.98","1.66","0.58","ADVISORY","SYNTHETIC_SAMPLE_DEMO_NOT_OBSERVED_WEATHER"
"65","Nairobi West","3.62","2.14","9.79","15.46","1.69","0.31","WATCH","SYNTHETIC_SAMPLE_DEMO_NOT_OBSERVED_WEATHER"
"66","Nairobi West","5.82","3.19","16.5","25.85","1.82","2.19","ADVISORY","SYNTHETIC_SAMPLE_DEMO_NOT_OBSERVED_WEATHER"
"67","Nairobi West","5.39","2.99","16.16","23.71","1.8","-0.42","ADVISORY","SYNTHETIC_SAMPLE_DEMO_NOT_OBSERVED_WEATHER"
"68","Nairobi West","2.42","1.56","8.93","12.92","1.55","-2.97","WATCH","SYNTHETIC_SAMPLE_DEMO_NOT_OBSERVED_WEATHER"
"69","Nairobi West","1.51","1.13","4.09","7.41","1.34","-0.91","WATCH","SYNTHETIC_SAMPLE_DEMO_NOT_OBSERVED_WEATHER"
"70","Nairobi West","0.61","0.69","2.44","3.29","0.88","-0.91","WATCH","SYNTHETIC_SAMPLE_DEMO_NOT_OBSERVED_WEATHER"
"71","Nairobi West","0","0.4","1.6","2.2","0","-0.61","WATCH","SYNTHETIC_SAMPLE_DEMO_NOT_OBSERVED_WEATHER"
"72","Nairobi West","0","0.4","2.4","3.6","0","0","WATCH","SYNTHETIC_SAMPLE_DEMO_NOT_OBSERVED_WEATHER"
"73","Nairobi West","0","0.4","0","0","0","0","WATCH","SYNTHETIC_SAMPLE_DEMO_NOT_OBSERVED_WEATHER"
"74","Nairobi West","0","0.4","0.8","1.4","0","0","WATCH","SYNTHETIC_SAMPLE_DEMO_NOT_OBSERVED_WEATHER"
"75","Nairobi West","0.43","0.61","2.76","4.56","0.71","0.43","WATCH","SYNTHETIC_SAMPLE_DEMO_NOT_OBSERVED_WEATHER"
"76","Nairobi West","1.22","0.99","5.7","7.41","1.24","0.79","WATCH","SYNTHETIC_SAMPLE_DEMO_NOT_OBSERVED_WEATHER"
"77","Nairobi West","1.98","1.35","5.36","8.74","1.47","0.76","WATCH","SYNTHETIC_SAMPLE_DEMO_NOT_OBSERVED_WEATHER"
"78","Nairobi West","2.55","1.62","7.69","12.46","1.57","0.57","WATCH","SYNTHETIC_SAMPLE_DEMO_NOT_OBSERVED_WEATHER"
"79","Nairobi West","2.8","1.74","9.16","13.08","1.61","0.25","WATCH","SYNTHETIC_SAMPLE_DEMO_NOT_OBSERVED_WEATHER"
"80","Nairobi West","2.68","1.69","9.65","14","1.59","-0.12","WATCH","SYNTHETIC_SAMPLE_DEMO_NOT_OBSERVED_WEATHER"
"81","Nairobi West","2.24","1.47","6.04","10.37","1.52","-0.45","WATCH","SYNTHETIC_SAMPLE_DEMO_NOT_OBSERVED_WEATHER"
"82","Nairobi West","1.57","1.15","5.03","7.22","1.36","-0.67","WATCH","SYNTHETIC_SAMPLE_DEMO_NOT_OBSERVED_WEATHER"
"83","Nairobi West","3.08","1.88","9.9","14.81","1.64","1.51","WATCH","SYNTHETIC_SAMPLE_DEMO_NOT_OBSERVED_WEATHER"
"84","Nairobi West","2.46","1.58","9.04","13.68","1.56","-0.62","WATCH","SYNTHETIC_SAMPLE_DEMO_NOT_OBSERVED_WEATHER"
"85","Nairobi West","0","0.4","0","0","0","-2.46","WATCH","SYNTHETIC_SAMPLE_DEMO_NOT_OBSERVED_WEATHER"
"86","Nairobi West","0","0.4","0.8","1.4","0","0","WATCH","SYNTHETIC_SAMPLE_DEMO_NOT_OBSERVED_WEATHER"
"87","Nairobi West","0.29","0.54","2.38","3.98","0.54","0.29","WATCH","SYNTHETIC_SAMPLE_DEMO_NOT_OBSERVED_WEATHER"
"88","Nairobi West","1.01","0.89","5.14","6.55","1.14","0.72","WATCH","SYNTHETIC_SAMPLE_DEMO_NOT_OBSERVED_WEATHER"
"89","Nairobi West","1.93","1.33","5.21","8.51","1.45","0.92","WATCH","SYNTHETIC_SAMPLE_DEMO_NOT_OBSERVED_WEATHER"
"90","Nairobi West","2.86","1.78","8.53","13.75","1.61","0.94","WATCH","SYNTHETIC_SAMPLE_DEMO_NOT_OBSERVED_WEATHER"
"91","Nairobi West","3.64","2.15","11.43","16.53","1.7","0.78","ADVISORY","SYNTHETIC_SAMPLE_DEMO_NOT_OBSERVED_WEATHER"
"92","Nairobi West","4.12","2.38","13.52","19.88","1.73","0.48","ADVISORY","SYNTHETIC_SAMPLE_DEMO_NOT_OBSERVED_WEATHER"
"93","Nairobi West","4.21","2.42","11.37","18.47","1.74","0.1","ADVISORY","SYNTHETIC_SAMPLE_DEMO_NOT_OBSERVED_WEATHER"
"94","Nairobi West","3.93","2.29","11.41","16.91","1.72","-0.28","ADVISORY","SYNTHETIC_SAMPLE_DEMO_NOT_OBSERVED_WEATHER"
"95","Nairobi West","3.35","2.01","10.65","15.95","1.67","-0.58","WATCH","SYNTHETIC_SAMPLE_DEMO_NOT_OBSERVED_WEATHER"
"96","Nairobi West","2.63","1.66","9.49","14.37","1.58","-0.73","WATCH","SYNTHETIC_SAMPLE_DEMO_NOT_OBSERVED_WEATHER"
"97","Kibera","7.38","3.94","19.92","30.24","1.87","6.8","WARNING","SYNTHETIC_SAMPLE_DEMO_NOT_OBSERVED_WEATHER"
"98","Kibera","8.6","4.53","24.36","36.99","1.9","1.22","WARNING","SYNTHETIC_SAMPLE_DEMO_NOT_OBSERVED_WEATHER"
"99","Kibera","6.32","3.44","19.37","29.43","1.84","-2.27","WARNING","SYNTHETIC_SAMPLE_DEMO_NOT_OBSERVED_WEATHER"
"100","Kibera","6.81","3.67","21.82","31.35","1.86","0.48","WARNING","SYNTHETIC_SAMPLE_DEMO_NOT_OBSERVED_WEATHER"
"101","Kibera","6.72","3.63","18.15","28.16","1.85","-0.08","ADVISORY","SYNTHETIC_SAMPLE_DEMO_NOT_OBSERVED_WEATHER"
"102","Kibera","6.09","3.32","17.59","27.32","1.83","-0.63","ADVISORY","SYNTHETIC_SAMPLE_DEMO_NOT_OBSERVED_WEATHER"
"103","Kibera","5.04","2.82","15.92","22.98","1.79","-1.05","ADVISORY","SYNTHETIC_SAMPLE_DEMO_NOT_OBSERVED_WEATHER"
"104","Kibera","3.8","2.22","13.72","19.64","1.71","-1.24","ADVISORY","SYNTHETIC_SAMPLE_DEMO_NOT_OBSERVED_WEATHER"
"105","Kibera","2.62","1.66","7.07","11.94","1.58","-1.18","WATCH","SYNTHETIC_SAMPLE_DEMO_NOT_OBSERVED_WEATHER"
"106","Kibera","1.73","1.23","5.83","8.26","1.41","-0.89","WATCH","SYNTHETIC_SAMPLE_DEMO_NOT_OBSERVED_WEATHER"
"107","Kibera","1.32","1.03","5.85","8.3","1.28","-0.42","WATCH","SYNTHETIC_SAMPLE_DEMO_NOT_OBSERVED_WEATHER"
"108","Kibera","1.43","1.09","7.31","10.52","1.32","0.11","WATCH","SYNTHETIC_SAMPLE_DEMO_NOT_OBSERVED_WEATHER"
"109","Kibera","2.02","1.37","5.46","8.3","1.48","0.59","WATCH","SYNTHETIC_SAMPLE_DEMO_NOT_OBSERVED_WEATHER"
"110","Kibera","2.93","1.81","9.07","13.78","1.62","0.91","WATCH","SYNTHETIC_SAMPLE_DEMO_NOT_OBSERVED_WEATHER"
"111","Kibera","3.93","2.29","12.91","19.62","1.72","1","ADVISORY","SYNTHETIC_SAMPLE_DEMO_NOT_OBSERVED_WEATHER"
"112","Kibera","4.76","2.69","16.31","22.97","1.77","0.83","ADVISORY","SYNTHETIC_SAMPLE_DEMO_NOT_OBSERVED_WEATHER"
"113","Kibera","5.21","2.9","14.07","21.96","1.8","0.45","ADVISORY","SYNTHETIC_SAMPLE_DEMO_NOT_OBSERVED_WEATHER"
"114","Kibera","8.36","4.41","23.72","36.63","1.89","3.15","WARNING","SYNTHETIC_SAMPLE_DEMO_NOT_OBSERVED_WEATHER"
"115","Kibera","7.75","4.12","23.23","34.08","1.88","-0.61","WARNING","SYNTHETIC_SAMPLE_DEMO_NOT_OBSERVED_WEATHER"
"116","Kibera","3.48","2.07","12.84","18.31","1.68","-4.27","ADVISORY","SYNTHETIC_SAMPLE_DEMO_NOT_OBSERVED_WEATHER"
"117","Kibera","2.18","1.44","5.88","10.12","1.51","-1.3","WATCH","SYNTHETIC_SAMPLE_DEMO_NOT_OBSERVED_WEATHER"
"118","Kibera","0.87","0.82","3.5","4.73","1.07","-1.3","WATCH","SYNTHETIC_SAMPLE_DEMO_NOT_OBSERVED_WEATHER"
"119","Kibera","0","0.4","2.3","2.9","0","-0.87","WATCH","SYNTHETIC_SAMPLE_DEMO_NOT_OBSERVED_WEATHER"
"120","Kibera","0","0.4","3.45","4.65","0","0","WATCH","SYNTHETIC_SAMPLE_DEMO_NOT_OBSERVED_WEATHER"
"121","Kibera","0","0.4","0","0","0","0","WATCH","SYNTHETIC_SAMPLE_DEMO_NOT_OBSERVED_WEATHER"
"122","Kibera","0","0.4","1.15","1.75","0","0","WATCH","SYNTHETIC_SAMPLE_DEMO_NOT_OBSERVED_WEATHER"
"123","Kibera","0.62","0.7","3.97","6.03","0.89","0.62","WATCH","SYNTHETIC_SAMPLE_DEMO_NOT_OBSERVED_WEATHER"
"124","Kibera","1.76","1.24","8.19","10.65","1.41","1.14","WATCH","SYNTHETIC_SAMPLE_DEMO_NOT_OBSERVED_WEATHER"
"125","Kibera","2.85","1.77","7.7","12.3","1.61","1.1","WATCH","SYNTHETIC_SAMPLE_DEMO_NOT_OBSERVED_WEATHER"
"126","Kibera","3.67","2.16","11.05","17.38","1.7","0.81","ADVISORY","SYNTHETIC_SAMPLE_DEMO_NOT_OBSERVED_WEATHER"
"127","Kibera","4.02","2.33","13.17","18.8","1.73","0.36","ADVISORY","SYNTHETIC_SAMPLE_DEMO_NOT_OBSERVED_WEATHER"
"128","Kibera","3.86","2.25","13.87","19.87","1.71","-0.17","ADVISORY","SYNTHETIC_SAMPLE_DEMO_NOT_OBSERVED_WEATHER"
"129","Kibera","3.21","1.94","8.68","14.38","1.65","-0.64","WATCH","SYNTHETIC_SAMPLE_DEMO_NOT_OBSERVED_WEATHER"
"130","Kibera","2.25","1.48","7.23","10.39","1.52","-0.96","WATCH","SYNTHETIC_SAMPLE_DEMO_NOT_OBSERVED_WEATHER"
"131","Kibera","4.42","2.52","14.24","21.03","1.75","2.17","ADVISORY","SYNTHETIC_SAMPLE_DEMO_NOT_OBSERVED_WEATHER"
"132","Kibera","3.53","2.1","12.99","19.14","1.69","-0.89","ADVISORY","SYNTHETIC_SAMPLE_DEMO_NOT_OBSERVED_WEATHER"
"133","Kibera","0","0.4","0","0","0","-3.53","WATCH","SYNTHETIC_SAMPLE_DEMO_NOT_OBSERVED_WEATHER"
"134","Kibera","0","0.4","1.15","1.75","0","0","WATCH","SYNTHETIC_SAMPLE_DEMO_NOT_OBSERVED_WEATHER"
"135","Kibera","0.41","0.6","3.42","5.2","0.69","0.41","WATCH","SYNTHETIC_SAMPLE_DEMO_NOT_OBSERVED_WEATHER"
"136","Kibera","1.46","1.1","7.38","9.42","1.33","1.04","WATCH","SYNTHETIC_SAMPLE_DEMO_NOT_OBSERVED_WEATHER"
"137","Kibera","2.77","1.73","7.49","11.97","1.6","1.32","WATCH","SYNTHETIC_SAMPLE_DEMO_NOT_OBSERVED_WEATHER"
"138","Kibera","4.12","2.38","12.27","19.23","1.73","1.34","ADVISORY","SYNTHETIC_SAMPLE_DEMO_NOT_OBSERVED_WEATHER"
"139","Kibera","5.23","2.91","16.43","23.76","1.8","1.12","ADVISORY","SYNTHETIC_SAMPLE_DEMO_NOT_OBSERVED_WEATHER"
"140","Kibera","5.92","3.24","19.43","28.31","1.83","0.68","WARNING","SYNTHETIC_SAMPLE_DEMO_NOT_OBSERVED_WEATHER"
"141","Kibera","6.06","3.31","16.35","26.03","1.83","0.14","ADVISORY","SYNTHETIC_SAMPLE_DEMO_NOT_OBSERVED_WEATHER"
"142","Kibera","5.65","3.11","16.4","24.31","1.82","-0.41","ADVISORY","SYNTHETIC_SAMPLE_DEMO_NOT_OBSERVED_WEATHER"
"143","Kibera","4.82","2.71","15.32","22.66","1.78","-0.83","ADVISORY","SYNTHETIC_SAMPLE_DEMO_NOT_OBSERVED_WEATHER"
"144","Kibera","3.77","2.21","13.64","20.13","1.71","-1.05","ADVISORY","SYNTHETIC_SAMPLE_DEMO_NOT_OBSERVED_WEATHER"
"145","Mukuru","4.17","2.4","11.26","17.09","1.74","3.84","ADVISORY","SYNTHETIC_SAMPLE_DEMO_NOT_OBSERVED_WEATHER"
"146","Mukuru","4.86","2.73","13.77","21.17","1.78","0.69","ADVISORY","SYNTHETIC_SAMPLE_DEMO_NOT_OBSERVED_WEATHER"
"147","Mukuru","3.57","2.12","10.95","17.15","1.69","-1.28","ADVISORY","SYNTHETIC_SAMPLE_DEMO_NOT_OBSERVED_WEATHER"
"148","Mukuru","3.85","2.25","12.34","17.72","1.71","0.27","ADVISORY","SYNTHETIC_SAMPLE_DEMO_NOT_OBSERVED_WEATHER"
"149","Mukuru","3.8","2.22","10.26","16.17","1.71","-0.05","WATCH","SYNTHETIC_SAMPLE_DEMO_NOT_OBSERVED_WEATHER"
"150","Mukuru","3.44","2.05","9.94","15.96","1.68","-0.36","WATCH","SYNTHETIC_SAMPLE_DEMO_NOT_OBSERVED_WEATHER"
"151","Mukuru","2.85","1.77","9","12.99","1.61","-0.59","WATCH","SYNTHETIC_SAMPLE_DEMO_NOT_OBSERVED_WEATHER"
"152","Mukuru","2.15","1.43","7.75","11.36","1.5","-0.7","WATCH","SYNTHETIC_SAMPLE_DEMO_NOT_OBSERVED_WEATHER"
"153","Mukuru","1.48","1.11","4","7.27","1.33","-0.67","WATCH","SYNTHETIC_SAMPLE_DEMO_NOT_OBSERVED_WEATHER"
"154","Mukuru","0.98","0.87","3.3","4.67","1.13","-0.5","WATCH","SYNTHETIC_SAMPLE_DEMO_NOT_OBSERVED_WEATHER"
"155","Mukuru","0.74","0.76","3.31","4.95","0.98","-0.24","WATCH","SYNTHETIC_SAMPLE_DEMO_NOT_OBSERVED_WEATHER"
"156","Mukuru","0.81","0.79","4.13","6.47","1.03","0.06","WATCH","SYNTHETIC_SAMPLE_DEMO_NOT_OBSERVED_WEATHER"
"157","Mukuru","1.14","0.95","3.09","4.69","1.21","0.34","WATCH","SYNTHETIC_SAMPLE_DEMO_NOT_OBSERVED_WEATHER"
"158","Mukuru","1.66","1.2","5.13","8.05","1.39","0.51","WATCH","SYNTHETIC_SAMPLE_DEMO_NOT_OBSERVED_WEATHER"
"159","Mukuru","2.22","1.47","7.3","11.61","1.52","0.56","WATCH","SYNTHETIC_SAMPLE_DEMO_NOT_OBSERVED_WEATHER"
"160","Mukuru","2.69","1.69","9.22","12.99","1.59","0.47","WATCH","SYNTHETIC_SAMPLE_DEMO_NOT_OBSERVED_WEATHER"
"161","Mukuru","2.94","1.81","7.95","12.67","1.62","0.25","WATCH","SYNTHETIC_SAMPLE_DEMO_NOT_OBSERVED_WEATHER"
"162","Mukuru","4.73","2.67","13.41","21.22","1.77","1.78","ADVISORY","SYNTHETIC_SAMPLE_DEMO_NOT_OBSERVED_WEATHER"
"163","Mukuru","4.38","2.5","13.13","19.26","1.75","-0.34","ADVISORY","SYNTHETIC_SAMPLE_DEMO_NOT_OBSERVED_WEATHER"
"164","Mukuru","1.97","1.34","7.26","10.61","1.46","-2.41","WATCH","SYNTHETIC_SAMPLE_DEMO_NOT_OBSERVED_WEATHER"
"165","Mukuru","1.23","0.99","3.32","6.24","1.24","-0.74","WATCH","SYNTHETIC_SAMPLE_DEMO_NOT_OBSERVED_WEATHER"
"166","Mukuru","0.49","0.64","1.98","2.67","0.77","-0.74","WATCH","SYNTHETIC_SAMPLE_DEMO_NOT_OBSERVED_WEATHER"
"167","Mukuru","0","0.4","1.3","1.9","0","-0.49","WATCH","SYNTHETIC_SAMPLE_DEMO_NOT_OBSERVED_WEATHER"
"168","Mukuru","0","0.4","1.95","3.15","0","0","WATCH","SYNTHETIC_SAMPLE_DEMO_NOT_OBSERVED_WEATHER"
"169","Mukuru","0","0.4","0","0","0","0","WATCH","SYNTHETIC_SAMPLE_DEMO_NOT_OBSERVED_WEATHER"
"170","Mukuru","0","0.4","0.65","1.25","0","0","WATCH","SYNTHETIC_SAMPLE_DEMO_NOT_OBSERVED_WEATHER"
"171","Mukuru","0.35","0.57","2.24","3.93","0.61","0.35","WATCH","SYNTHETIC_SAMPLE_DEMO_NOT_OBSERVED_WEATHER"
"172","Mukuru","0.99","0.88","4.63","6.02","1.13","0.64","WATCH","SYNTHETIC_SAMPLE_DEMO_NOT_OBSERVED_WEATHER"
"173","Mukuru","1.61","1.17","4.35","7.21","1.37","0.62","WATCH","SYNTHETIC_SAMPLE_DEMO_NOT_OBSERVED_WEATHER"
"174","Mukuru","2.07","1.39","6.25","10.35","1.49","0.46","WATCH","SYNTHETIC_SAMPLE_DEMO_NOT_OBSERVED_WEATHER"
"175","Mukuru","2.27","1.49","7.44","10.63","1.52","0.2","WATCH","SYNTHETIC_SAMPLE_DEMO_NOT_OBSERVED_WEATHER"
"176","Mukuru","2.18","1.45","7.84","11.49","1.51","-0.09","WATCH","SYNTHETIC_SAMPLE_DEMO_NOT_OBSERVED_WEATHER"
"177","Mukuru","1.82","1.27","4.91","8.65","1.43","-0.36","WATCH","SYNTHETIC_SAMPLE_DEMO_NOT_OBSERVED_WEATHER"
"178","Mukuru","1.27","1.01","4.09","5.87","1.26","-0.54","WATCH","SYNTHETIC_SAMPLE_DEMO_NOT_OBSERVED_WEATHER"
"179","Mukuru","2.5","1.6","8.05","12.15","1.56","1.23","WATCH","SYNTHETIC_SAMPLE_DEMO_NOT_OBSERVED_WEATHER"
"180","Mukuru","2","1.36","7.34","11.34","1.47","-0.5","WATCH","SYNTHETIC_SAMPLE_DEMO_NOT_OBSERVED_WEATHER"
"181","Mukuru","0","0.4","0","0","0","-2","WATCH","SYNTHETIC_SAMPLE_DEMO_NOT_OBSERVED_WEATHER"
"182","Mukuru","0","0.4","0.65","1.25","0","0","WATCH","SYNTHETIC_SAMPLE_DEMO_NOT_OBSERVED_WEATHER"
"183","Mukuru","0.23","0.51","1.93","3.46","0.46","0.23","WATCH","SYNTHETIC_SAMPLE_DEMO_NOT_OBSERVED_WEATHER"
"184","Mukuru","0.82","0.8","4.17","5.33","1.04","0.59","WATCH","SYNTHETIC_SAMPLE_DEMO_NOT_OBSERVED_WEATHER"
"185","Mukuru","1.57","1.15","4.23","7.03","1.36","0.74","WATCH","SYNTHETIC_SAMPLE_DEMO_NOT_OBSERVED_WEATHER"
"186","Mukuru","2.33","1.52","6.93","11.39","1.53","0.76","WATCH","SYNTHETIC_SAMPLE_DEMO_NOT_OBSERVED_WEATHER"
"187","Mukuru","2.96","1.82","9.29","13.43","1.63","0.63","WATCH","SYNTHETIC_SAMPLE_DEMO_NOT_OBSERVED_WEATHER"
"188","Mukuru","3.34","2.01","10.98","16.26","1.67","0.39","WATCH","SYNTHETIC_SAMPLE_DEMO_NOT_OBSERVED_WEATHER"
"189","Mukuru","3.42","2.04","9.24","15.23","1.68","0.08","WATCH","SYNTHETIC_SAMPLE_DEMO_NOT_OBSERVED_WEATHER"
"190","Mukuru","3.19","1.93","9.27","13.74","1.65","-0.23","WATCH","SYNTHETIC_SAMPLE_DEMO_NOT_OBSERVED_WEATHER"
"191","Mukuru","2.72","1.71","8.66","13.07","1.6","-0.47","WATCH","SYNTHETIC_SAMPLE_DEMO_NOT_OBSERVED_WEATHER"
"192","Mukuru","2.13","1.42","7.71","11.9","1.5","-0.59","WATCH","SYNTHETIC_SAMPLE_DEMO_NOT_OBSERVED_WEATHER"
